,4Thought Financial Group Top Ranked Keywords,,,
,Keyword,Search Volume,Difficulty,Other Stat
,Keyword 1,100,12,45
,Keyword 2,101,13,44
,Keyword 3,102,14,43
,Keyword 4,103,15,42
,Keyword 5,104,16,41
,Keyword 6,105,17,40
,Keyword 7,106,18,39
,Keyword 8,107,19,38
,Keyword 9,108,20,37
,Keyword 10,109,21,36
,Keyword 11,110,22,35
,Keyword 12,111,23,34
,Keyword 13,112,24,33
,Keyword 14,113,25,32
,Keyword 15,114,26,31
,Keyword 16,115,27,30
,Keyword 17,116,28,29
,Keyword 18,117,29,28
,Keyword 19,118,30,27
,Keyword 20,119,31,26
,Keyword 21,120,32,25
,Keyword 22,121,33,24
,Keyword 23,122,34,23
,Keyword 24,123,35,22
,Keyword 25,124,36,21
,Keyword 26,125,37,20
,Keyword 27,126,38,19
,Keyword 28,127,39,18
,Keyword 29,128,40,17
,Keyword 30,129,41,16
,Keyword 31,130,42,15
,Keyword 32,131,43,14
,Keyword 33,132,44,13
,Keyword 34,133,45,12
,Keyword 35,134,46,11
,Keyword 36,135,47,10
,Keyword 37,136,48,9
,Keyword 38,137,49,8
,Keyword 39,138,50,7
,Keyword 40,139,51,6